[
  {
    "type": "text",
    "name": "name",
    "label": "Имя",
    "placeholder": "Имя",
    "max_length": 255,
    "min_lengh": 3,
    "validation": {
      "required": true,
      "regexp": "^[a-zA-Z[s]+$"
    }
  },
  {
    "type": "text",
    "name": "surname",
    "label": "Фамилия",
    "placeholder": "Фамилия",
    "max_length": 255,
    "min_lengh": 3,
    "validation": {
      "required": true,
      "regexp": "^[a-zA-Z[s]+$"
    }
  },
  {
    "name": "age",
    "label": "Полных лет",
    "placeholder": "Возраст",
    "type": "number",
    "min": 1,
    "max": 100,
    "validation": {
      "required": false,
      "regexp": "[0-9]"
    }
  },
  {
    "type": "text",
    "name": "email",
    "placeholder": "Введите почту",
    "validation": {
      "required": true,
      "regexp": "(?:[a-z0-9!#$%&'*+/=?^_`{|}~-]+(?:\\.[a-z0-9!#$%&'*+/=?^_`{|}~-]+)*|\"(?:[\\x01-\\x08\\x0b\\x0c\\x0e-\\x1f\\x21\\x23-\\x5b\\x5d-\\x7f]|\\\\[\\x01-\\x09\\x0b\\x0c\\x0e-\\x7f])*\")@(?:(?:[a-z0-9](?:[a-z0-9-]*[a-z0-9])?\\.)+[a-z0-9](?:[a-z0-9-]*[a-z0-9])?|\\[(?:(?:(2(5[0-5]|[0-4][0-9])|1[0-9][0-9]|[1-9]?[0-9]))\\.){3}(?:(2(5[0-5]|[0-4][0-9])|1[0-9][0-9]|[1-9]?[0-9])|[a-z0-9-]*[a-z0-9]:(?:[\\x01-\\x08\\x0b\\x0c\\x0e-\\x1f\\x21-\\x5a\\x53-\\x7f]|\\\\[\\x01-\\x09\\x0b\\x0c\\x0e-\\x7f])+)\\])"
    }
  }

]
